{
    "Accuracy": 0.8325,
    "Precision": 0.8294209737715853,
    "Recall": 0.8271982998885173,
    "F1 Score": 0.8267094179840447,
    "MCC": 0.7768889113441807,
    "AUC": 0.8858106422623003
}