{
    "Accuracy": 0.9425,
    "Precision": 0.9403626000461565,
    "Recall": 0.9413904483197961,
    "F1 Score": 0.940759081791623,
    "MCC": 0.9232607544947808,
    "AUC": 0.9902284352635169
}