{
    "Accuracy": 0.975,
    "Precision": 0.9751162260148967,
    "Recall": 0.9746570910973085,
    "F1 Score": 0.9744087955693106,
    "MCC": 0.9668750318289149,
    "AUC": 0.999592616116934
}