{
    "Accuracy": 0.7975,
    "Precision": 0.7983321971995111,
    "Recall": 0.7925799291288422,
    "F1 Score": 0.7929277885973955,
    "MCC": 0.7313294409200803,
    "AUC": 0.9559776739015717
}