{
    "Accuracy": 0.8925,
    "Precision": 0.8916329841057944,
    "Recall": 0.8914183189998408,
    "F1 Score": 0.8905478996945861,
    "MCC": 0.8571537479912464,
    "AUC": 0.9826485414411865
}