{
    "Accuracy": 0.905,
    "Precision": 0.90258536013253,
    "Recall": 0.9045802476508997,
    "F1 Score": 0.9029969730791383,
    "MCC": 0.873522488115507,
    "AUC": 0.9913216801002736
}